Ur Number,Collected,HGB,TRFSAT,K,PTHR,PHOS,CAL,ALB,HBSAB
RB111111,26/03/2025 12:55,112,11,7,127,4,3,19,
RB111112,3/01/2025 12:00,73,3,2,62,4,2,26,
RB111113,3/01/2025 12:08,85,44,6,119,3,2,30,
RB111114,3/01/2025 12:30,106,27,7,51,3,2,28,
RB111115,3/01/2025 13:00,142,6,7,77,3,2,23,
RB111116,27/02/2025 12:30,134,11,5,100,4,2,26,<  10
RB111117,27/02/2025 8:30,97,46,7,5,2,2,21,45
RB111118,27/02/2025 8:00,126,35,4,46,2,2,21,>1000
RB111119,27/02/2025 7:55,82,49,6,94,2,2,22,>1000
RB111120,27/02/2025 13:41,73,42,6,127,3,2,16,16
RB111121,27/02/2025 13:30,140,15,7,105,2,2,24,215
RB111122,27/02/2025 13:30,142,2,5,58,3,2,22,166
RB111123,27/02/2025 13:55,131,21,6,112,2,2,19,116
RB111124,17/02/2025 7:25,127,44,4,104,4,2,29,
RB111125,15/02/2025 14:10,90,22,7,113,2,2,16,
RB111126,17/02/2025 14:00,88,18,6,35,3,2,25,
RB111127,20/02/2025 8:13,88,4,7,34,2,2,18,
RB111128,28/03/2025 14:50,67,44,4,83,4,2,20,
RB111129,20/01/2025 9:37,73,22,4,123,2,2,20,
RB111130,18/02/2025 13:30,71,38,2,90,3,2,19,
RB111131,17/01/2025 8:15,145,17,6,60,3,2,24,
RB111132,10/01/2025 7:30,71,48,4,57,3,2,20,
RB111133,22/02/2025 14:00,131,21,7,101,3,2,15,
RB111134,11/01/2025 7:55,140,3,5,120,2,2,24,
RB111135,8/01/2025 8:30,70,37,2,104,4,2,28,
RB111136,20/01/2025 4:35,138,20,4,31,3,2,20,
RB111137,8/01/2025 6:45,82,16,4,125,4,2,26,
RB111138,15/01/2025 6:30,55,3,2,36,2,2,21,
RB111139,31/01/2025 6:30,95,2,3,59,2,2,27,
RB111140,27/02/2025 7:00,147,46,2,118,2,2,19,146
RB111141,27/02/2025 13:10,150,26,5,86,4,2,23,<  10
RB111142,27/02/2025 7:20,134,17,6,18,4,2,16,560
RB111143,27/02/2025 12:30,104,30,3,127,4,2,25,>1000
RB111144,27/02/2025 7:05,113,46,7,71,3,2,23,
RB111145,27/02/2025 7:00,144,8,3,59,2,2,15,18
RB111146,27/02/2025 16:45,135,5,3,13,2,2,29,23
RB111147,27/02/2025 12:00,127,15,2,75,3,2,29,313
RB111148,27/02/2025 16:15,137,47,4,113,2,2,26,<  10
RB111149,27/02/2025 11:50,82,15,5,20,3,2,30,<  10
RB111150,26/02/2025 16:40,62,30,3,105,2,2,16,72
RB111151,27/02/2025 11:30,105,20,7,145,3,2,27,959
RB111152,27/02/2025 16:30,86,14,7,51,2,2,16,135
RB111153,27/02/2025 15:00,112,48,5,150,3,2,21,571
RB111154,27/02/2025 8:30,124,22,7,142,2,2,23,148
RB111155,26/02/2025 14:00,50,37,2,66,4,2,17,<  10
RB111156,26/02/2025 1:35,56,6,7,8,4,2,19,<  10
RB111157,26/02/2025 13:15,78,16,6,9,4,2,22,14
RB111158,27/02/2025 7:30,83,44,4,3,2,2,29,11
RB111159,27/02/2025 7:45,72,25,3,67,2,2,24,<  10
RB111160,27/02/2025 7:50,123,38,6,97,2,2,23,<  10
RB111161,27/02/2025 17:00,103,6,7,50,2,2,17,663
RB111162,27/02/2025 17:30,88,5,7,54,2,2,17,52
RB111163,8/01/2025 6:30,140,17,4,9,4,2,29,
RB111164,3/01/2025 16:00,94,48,2,119,3,2,26,
RB111165,2/01/2025 16:45,68,22,3,34,2,2,19,
RB111166,3/01/2025 6:40,79,29,3,12,3,2,25,
RB111167,3/01/2025 7:00,77,1,5,120,2,2,17,
RB111168,3/01/2025 7:00,141,31,3,25,2,2,23,
RB111169,3/01/2025 6:30,61,1,3,4,4,2,17,
RB111170,3/01/2025 7:05,73,33,4,85,2,2,28,
RB111171,3/01/2025 7:20,83,47,5,81,4,2,25,
RB111172,3/01/2025 7:50,86,31,2,16,2,2,22,
RB111173,3/01/2025 7:50,100,5,7,145,3,2,15,
RB111174,3/01/2025 7:20,130,32,5,38,2,2,16,
RB111175,3/01/2025 7:25,144,32,7,139,2,2,17,
RB111176,3/01/2025 8:00,121,33,5,91,3,2,27,
RB111177,3/01/2025 11:00,107,8,4,76,2,2,29,
RB111178,3/01/2025 11:45,82,43,7,68,4,2,15,
RB111179,3/01/2025 16:30,63,48,3,60,3,2,27,
RB111180,3/01/2025 16:30,90,2,3,5,3,2,22,
RB111181,2/01/2025 7:10,113,20,3,104,3,2,18,
RB111182,2/01/2025 7:10,67,29,3,99,2,2,29,
RB111183,2/01/2025 7:20,61,26,7,111,4,2,29,
RB111184,2/01/2025 7:30,52,31,7,77,2,2,25,
RB111185,2/01/2025 7:40,97,43,7,138,4,2,26,
RB111186,2/01/2025 7:00,127,15,6,99,4,2,28,
RB111187,2/01/2025 6:45,128,34,6,23,3,2,19,
RB111188,2/01/2025 8:00,67,17,7,89,2,2,20,
RB111189,2/01/2025 12:30,135,8,5,45,2,2,26,
RB111190,2/01/2025 12:30,103,2,2,53,4,2,29,
RB111191,2/01/2025 12:40,137,1,3,36,4,2,16,
RB111192,2/01/2025 7:00,136,1,5,97,4,2,27,
RB111193,2/01/2025 7:00,90,25,5,100,2,2,26,
RB111194,2/01/2025 7:50,146,12,6,44,3,2,24,
RB111195,2/01/2025 7:15,143,3,2,112,4,2,25,
RB111196,2/01/2025 17:00,91,28,4,146,2,2,19,
RB111197,2/01/2025 16:35,132,48,5,5,2,2,21,
RB111198,3/01/2025 8:00,94,34,3,148,3,2,25,
RB111199,3/01/2025 7:30,102,40,6,58,4,2,21,
RB111200,3/01/2025 10:45,145,37,6,92,2,2,26,
RB111201,3/01/2025 10:30,141,35,4,150,3,2,15,
RB111202,3/01/2025 13:00,73,3,4,29,3,2,15,
RB111203,2/01/2025 11:00,89,12,6,140,2,2,23,
RB111204,2/01/2025 11:45,91,22,7,9,2,2,25,
RB111205,2/01/2025 13:30,62,48,3,7,4,2,20,
RB111206,2/01/2025 14:30,98,6,7,150,3,2,20,
RB111207,2/01/2025 16:00,67,12,4,116,2,2,27,
RB111208,2/01/2025 15:45,115,5,2,76,4,2,18,
RB111209,2/01/2025 14:15,108,48,7,3,2,2,15,
RB111210,2/01/2025 16:30,116,10,6,128,3,2,15,
RB111211,3/01/2025 7:00,139,21,2,137,3,2,24,
RB111212,3/01/2025 15:40,121,29,5,44,3,2,18,
RB111213,7/01/2025 8:30,66,35,6,80,2,2,16,
RB111214,7/01/2025 8:05,120,31,3,54,4,2,22,
RB111215,6/01/2025 7:50,121,35,3,58,3,2,17,
RB111216,6/01/2025 16:38,139,1,7,24,2,2,20,
RB111217,3/01/2025 7:00,109,29,3,69,2,2,28,
RB111218,16/01/2025 8:10,147,12,5,64,2,2,27,
RB111219,17/01/2025 7:25,63,45,6,23,2,2,22,
RB111220,14/01/2025 7:30,120,17,5,2,4,2,27,
RB111221,15/01/2025 8:00,96,35,3,148,2,2,15,
RB111222,14/01/2025 13:00,70,49,5,127,4,2,23,
RB111223,10/01/2025 8:38,116,34,3,135,4,2,17,<  10
RB111224,1/01/2025 13:50,131,25,3,150,2,2,24,
RB111225,1/01/2025 8:15,117,33,2,39,2,2,21,
RB111226,26/02/2025 17:18,68,2,3,52,2,2,25,>1000
RB111227,26/02/2025 17:30,73,20,2,30,4,2,16,<  10
RB111228,27/02/2025 8:00,76,12,4,11,3,2,28,26
RB111229,27/02/2025 7:30,63,37,7,137,3,2,20,<  10
RB111230,24/01/2025 8:35,129,21,6,74,2,2,16,
RB111231,10/05/2025 9:23,111,39,6,91,4,2,19,<  10
RB111232,6/03/2025 11:30,141,37,3,111,4,2,16,
RB111233,9/02/2025 10:39,138,6,6,21,2,2,16,
RB111234,9/01/2025 8:26,90,3,6,62,2,2,29,
RB111235,5/03/2025 7:50,135,39,4,112,4,2,20,447
RB111236,5/03/2025 8:00,62,32,7,122,3,2,25,694
RB111237,5/03/2025 8:00,134,14,6,54,4,2,26,<  10
RB111238,5/03/2025 8:00,118,16,5,52,4,2,30,<  10
RB111239,15/01/2025 15:00,66,24,3,32,3,2,21,
RB111240,15/01/2025 12:00,70,50,2,118,2,2,21,
RB111241,30/01/2025 10:15,64,14,7,82,3,2,29,
RB111242,22/01/2025 7:45,66,8,7,105,4,2,30,
RB111243,22/01/2025 13:15,123,37,3,58,3,2,26,
RB111244,3/02/2025 7:33,111,50,4,82,3,2,24,
RB111245,5/02/2025 7:45,82,29,6,130,2,2,16,
RB111246,22/01/2025 16:15,77,41,6,34,2,2,27,
RB111247,5/02/2025 15:30,114,36,6,75,2,2,22,
RB111248,19/02/2025 13:30,126,35,7,13,3,2,20,
RB111249,19/02/2025 7:50,62,47,3,14,4,2,30,
RB111250,19/02/2025 8:30,63,35,5,38,4,2,22,
RB111251,25/02/2025 9:30,67,12,4,16,3,2,21,
RB111252,16/01/2025 8:00,126,12,4,80,4,2,22,
RB111253,10/01/2025 14:45,80,45,3,117,4,2,17,
RB111254,10/01/2025 18:50,98,33,2,149,3,2,22,
RB111255,9/01/2025 9:27,112,24,2,35,3,2,24,
RB111256,18/01/2025 13:40,77,33,3,127,3,2,28,
RB111257,17/01/2025 15:50,70,50,4,61,3,2,25,
RB111258,9/01/2025 19:00,82,11,2,134,3,2,26,33
RB111259,9/01/2025 14:35,99,21,5,115,2,2,25,
RB111260,9/01/2025 7:50,90,15,3,7,4,2,28,
RB111261,9/01/2025 7:00,61,12,3,149,2,2,26,
RB111262,1/01/2025 8:30,114,23,5,96,2,2,24,
RB111263,6/01/2025 14:00,126,0,3,2,4,2,28,
RB111264,20/01/2025 17:00,128,39,2,46,3,2,20,
RB111265,21/01/2025 7:10,88,35,3,93,2,2,15,
RB111266,21/01/2025 6:40,150,40,2,7,2,2,22,
RB111267,7/01/2025 7:45,136,27,3,131,4,2,16,
RB111268,8/01/2025 7:00,91,45,7,68,3,2,17,
RB111269,8/01/2025 7:41,148,14,3,41,4,2,24,
RB111270,8/01/2025 9:45,141,47,6,80,2,2,26,
RB111271,17/01/2025 8:00,115,48,3,25,3,2,22,
RB111272,10/01/2025 13:30,124,47,6,2,3,2,22,
RB111273,13/01/2025 8:40,148,49,5,6,4,2,15,
RB111274,18/01/2025 7:40,108,22,2,7,4,2,21,
RB111275,14/02/2025 7:30,107,25,5,97,2,2,28,
RB111276,23/01/2025 17:45,102,14,5,32,4,2,30,
RB111277,10/01/2025 7:20,105,37,6,126,4,2,16,
RB111278,7/01/2025 7:20,77,36,5,134,3,2,30,
RB111279,8/01/2025 8:20,137,38,2,83,3,2,25,
RB111280,25/02/2025 9:51,122,20,7,135,4,2,28,
RB111281,8/01/2025 7:30,77,43,3,7,4,2,21,
RB111282,8/01/2025 14:15,127,12,6,56,3,2,20,
RB111283,19/01/2025 3:20,72,44,4,107,3,2,25,
RB111284,7/01/2025 8:54,104,1,2,91,4,2,19,
RB111285,7/02/2025 7:45,139,41,2,90,2,2,18,
RB111286,7/02/2025 13:40,58,16,2,98,4,2,26,
RB111287,7/02/2025 13:12,70,4,7,45,2,2,15,
RB111288,10/02/2025 14:10,66,48,2,32,4,2,21,
RB111289,10/02/2025 7:00,57,13,5,75,3,2,29,
RB111290,10/02/2025 10:10,94,37,6,23,2,2,22,
RB111291,10/02/2025 14:55,149,15,2,106,2,2,19,
RB111292,31/01/2025 9:30,134,32,3,102,3,2,25,
RB111293,31/01/2025 11:30,126,9,7,85,4,2,21,
RB111294,5/02/2025 12:20,70,22,5,119,4,2,29,
RB111295,5/02/2025 7:45,82,10,6,56,3,2,27,<  10
RB111296,6/02/2025 7:15,150,32,4,81,3,2,15,
RB111297,6/02/2025 8:50,68,35,5,69,2,2,17,
RB111298,11/02/2025 6:50,128,11,3,125,3,2,20,
RB111299,5/02/2025 7:45,91,32,7,142,3,2,26,
RB111300,24/01/2025 13:30,71,45,5,34,3,2,19,
RB111301,4/01/2025 13:45,72,49,4,72,3,2,27,
RB111302,4/01/2025 17:20,148,7,4,27,4,2,16,
RB111303,4/01/2025 18:40,82,24,2,134,4,2,29,
RB111304,11/01/2025 8:30,103,24,5,81,4,2,29,
RB111305,13/01/2025 14:10,102,4,5,18,2,2,25,
RB111306,31/01/2025 8:30,85,42,3,8,2,2,27,
RB111307,13/01/2025 13:30,143,46,5,31,4,2,24,
RB111308,7/02/2025 11:20,120,16,6,131,2,2,29,245
RB111309,20/01/2025 12:00,94,21,4,145,3,2,26,
RB111310,20/01/2025 13:40,141,47,4,25,3,2,26,
RB111311,7/02/2025 7:54,50,40,6,39,2,2,19,
RB111312,16/01/2025 14:00,105,49,6,27,4,2,17,
RB111313,30/01/2025 13:00,65,30,4,98,2,2,29,
RB111314,21/01/2025 12:45,63,18,6,119,2,2,29,
RB111315,29/01/2025 14:15,149,0,3,125,3,2,15,
RB111316,5/02/2025 11:10,83,43,6,149,3,2,18,
RB111317,6/02/2025 13:40,138,29,4,97,2,2,23,
RB111318,7/02/2025 16:25,114,0,4,110,4,2,22,
RB111319,12/02/2025 8:00,88,43,7,88,2,2,23,
RB111320,11/02/2025 12:45,148,36,7,105,3,2,15,
RB111321,27/01/2025 9:20,84,43,4,100,4,2,28,
RB111322,21/01/2025 7:55,98,30,3,8,3,2,15,
RB111323,23/01/2025 9:00,92,3,4,109,2,2,23,
RB111324,27/01/2025 9:05,69,28,3,37,4,2,23,
RB111325,9/01/2025 7:15,55,19,7,96,2,2,25,
RB111326,9/01/2025 8:00,101,49,2,113,4,2,15,
RB111327,1/01/2025 8:00,58,16,3,140,3,2,26,
RB111328,1/01/2025 8:05,98,25,7,9,3,2,22,
RB111329,17/02/2025 17:10,51,33,6,97,4,2,29,
RB111330,2/01/2025 6:50,82,30,5,89,2,2,15,
RB111331,2/01/2025 8:00,130,14,5,19,3,2,28,
RB111332,2/01/2025 7:00,149,27,4,145,2,2,28,
RB111333,2/01/2025 6:45,97,7,5,125,3,2,23,
RB111334,3/01/2025 6:45,82,6,5,10,3,2,27,
RB111335,2/01/2025 6:50,92,32,7,66,4,2,15,
RB111336,8/01/2025 8:00,126,20,3,74,2,2,23,
RB111337,2/01/2025 7:30,103,34,3,139,4,2,23,
RB111338,13/01/2025 8:45,136,46,4,76,4,2,16,
RB111339,13/02/2025 7:15,56,38,4,130,2,2,15,
RB111340,13/01/2025 8:20,141,24,3,39,2,2,24,
RB111341,17/02/2025 9:00,106,44,3,10,4,2,22,
RB111342,3/01/2025 14:05,102,39,7,29,2,2,29,
RB111343,3/01/2025 13:40,55,33,5,92,3,2,17,
RB111344,3/01/2025 13:30,117,37,4,23,2,2,21,
RB111345,3/01/2025 13:30,79,0,5,83,4,2,18,
RB111346,3/01/2025 13:30,56,46,3,42,2,2,17,
RB111347,13/01/2025 14:15,94,14,4,98,4,2,17,
RB111348,15/01/2025 9:30,108,34,6,109,2,2,19,
RB111349,15/01/2025 8:10,150,5,6,29,4,2,17,
RB111350,17/01/2025 13:05,127,38,3,105,4,2,16,
RB111351,14/01/2025 7:20,68,40,5,34,3,2,17,
RB111352,14/01/2025 10:00,71,31,3,17,4,2,25,
RB111353,14/01/2025 16:10,138,43,6,89,3,2,19,
RB111354,14/01/2025 16:30,93,7,6,2,2,2,16,
RB111355,13/01/2025 11:15,52,24,2,13,2,2,25,
RB111356,3/01/2025 17:30,60,27,5,35,4,2,25,
RB111357,12/03/2025 5:10,103,9,3,118,2,2,20,49
RB111358,2/04/2025 5:20,135,19,3,64,4,2,20,
RB111359,8/01/2025 5:15,86,13,5,68,2,2,29,
RB111360,20/01/2025 17:30,76,16,3,106,3,2,21,
RB111361,5/02/2025 5:20,111,31,2,23,3,2,19,
RB111362,7/05/2025 5:20,74,34,3,140,4,2,16,
RB111363,14/03/2025 8:00,112,37,3,113,4,2,16,148
RB111364,14/03/2025 6:00,102,50,4,67,4,2,15,60
RB111365,9/04/2025 8:00,102,47,3,10,2,2,18,
RB111366,6/02/2025 11:55,91,11,2,93,4,2,22,
RB111367,14/02/2025 5:45,133,8,7,94,3,2,24,
RB111368,7/02/2025 7:40,88,20,7,132,4,2,27,
RB111369,7/02/2025 7:45,60,25,6,77,4,2,16,
RB111370,10/02/2025 8:00,79,47,6,147,2,2,25,
RB111371,5/02/2025 7:00,87,3,7,103,4,2,25,
RB111372,6/01/2025 6:00,117,6,6,150,4,2,25,
RB111373,15/03/2025 14:45,112,10,5,27,3,2,16,
RB111374,18/03/2025 15:55,61,49,5,71,4,2,18,
RB111375,18/03/2025 13:40,137,47,5,37,3,2,19,<  10
RB111376,19/03/2025 13:50,50,18,7,6,3,2,26,
RB111377,5/03/2025 8:00,124,15,2,145,4,2,21,
RB111378,3/03/2025 13:20,60,6,2,88,3,2,17,
RB111379,10/03/2025 7:45,64,35,6,127,4,2,19,<  10
RB111380,10/03/2025 13:40,83,6,7,111,3,2,22,
RB111381,11/03/2025 9:35,57,34,5,33,4,2,23,
RB111382,11/03/2025 6:50,79,41,6,121,4,2,15,
RB111383,27/03/2025 21:15,110,20,6,36,2,2,26,
RB111384,29/03/2025 7:00,70,43,5,22,3,2,16,
RB111385,27/03/2025 12:12,96,34,4,109,4,2,22,
RB111386,28/03/2025 6:53,100,39,4,13,2,2,19,
RB111387,21/03/2025 12:50,96,45,3,128,2,2,18,
RB111388,23/03/2025 4:15,61,9,2,64,4,2,18,
RB111389,27/03/2025 11:15,143,35,5,116,3,2,15,
RB111390,27/03/2025 12:41,98,5,4,10,3,2,16,
RB111391,28/03/2025 22:35,56,28,4,69,2,2,23,
RB111392,27/03/2025 12:50,89,26,7,75,3,2,18,
RB111393,31/03/2025 20:00,102,7,4,112,2,2,19,
RB111394,4/03/2025 12:00,56,18,4,135,2,2,28,
RB111395,4/03/2025 7:30,110,31,7,49,3,2,30,25
RB111396,1/03/2025 14:00,105,32,2,23,2,2,20,<  10
RB111397,5/03/2025 13:45,92,39,6,84,2,2,20,
RB111398,4/03/2025 11:50,92,39,4,115,2,2,24,
RB111399,26/03/2025 7:15,134,1,4,110,4,2,28,
RB111400,4/04/2025 7:20,125,20,2,10,2,2,17,
RB111401,27/01/2025 14:29,112,7,3,118,3,2,16,
RB111402,4/02/2025 12:27,140,12,4,43,2,2,17,
RB111403,13/02/2025 15:45,97,43,2,57,2,2,16,
RB111404,13/02/2025 7:40,117,41,5,31,3,2,20,
RB111405,7/03/2025 12:00,81,2,6,31,3,2,26,
RB111406,26/02/2025 11:30,110,26,2,22,3,2,15,27
RB111407,5/02/2025 15:15,124,24,7,2,3,2,23,
RB111408,6/02/2025 7:30,147,18,7,107,4,2,15,
RB111409,5/02/2025 13:50,57,10,5,147,2,2,17,
RB111410,5/02/2025 14:00,73,35,5,78,4,2,22,
RB111411,6/02/2025 7:30,56,33,7,117,2,2,30,
RB111412,5/02/2025 16:00,60,17,2,33,4,2,21,
RB111413,5/02/2025 14:30,117,21,6,30,4,2,25,
RB111414,5/02/2025 13:30,56,40,4,71,4,2,29,
RB111415,5/02/2025 13:45,77,13,7,56,2,2,22,
RB111416,5/02/2025 12:10,127,12,7,54,4,2,19,
RB111417,6/02/2025 15:50,74,39,3,92,4,2,18,
RB111418,6/02/2025 7:40,119,37,2,33,4,2,30,
RB111419,6/02/2025 6:50,102,32,6,137,3,2,22,
RB111420,6/02/2025 7:20,125,1,7,84,4,2,30,
RB111421,5/02/2025 14:40,92,6,2,139,4,2,28,
RB111422,5/02/2025 14:30,127,27,3,6,2,2,20,
RB111423,5/02/2025 6:50,123,37,4,123,3,2,23,
RB111424,5/02/2025 6:40,139,14,6,39,4,2,19,
RB111425,5/02/2025 7:58,131,47,7,127,4,2,26,
RB111426,5/02/2025 7:00,79,39,7,61,3,2,19,
RB111427,6/02/2025 17:00,70,27,4,123,2,2,17,
RB111428,6/02/2025 17:35,83,0,5,49,3,2,28,
RB111429,6/02/2025 17:35,103,46,6,58,3,2,17,
RB111430,6/02/2025 17:00,126,46,5,123,4,2,30,
RB111431,29/01/2025 16:45,146,10,4,131,4,2,18,
RB111432,14/03/2025 9:20,108,49,5,19,2,2,26,
RB111433,14/03/2025 12:30,141,1,5,47,3,2,20,
RB111434,19/03/2025 7:30,68,50,6,107,2,2,29,
RB111435,13/03/2025 7:50,92,42,5,62,2,2,18,
RB111436,13/03/2025 11:35,134,1,6,91,3,2,23,
RB111437,12/03/2025 7:20,150,17,6,17,2,2,23,
RB111438,12/03/2025 8:30,64,29,7,79,3,2,24,
RB111439,12/03/2025 12:29,109,25,3,125,4,2,23,
RB111440,12/03/2025 7:00,84,25,4,13,2,2,15,
RB111441,8/04/2025 8:50,130,47,3,58,2,2,15,
RB111442,15/03/2025 8:00,81,13,4,47,3,2,22,
RB111443,14/03/2025 14:15,61,3,7,21,3,2,20,36
RB111444,9/05/2025 10:00,61,44,4,146,2,2,27,
RB111445,9/05/2025 9:55,104,45,5,85,3,2,21,554
RB111446,24/03/2025 7:45,131,28,7,75,2,2,27,
RB111447,26/03/2025 13:30,124,7,7,25,3,2,22,
RB111448,26/03/2025 12:40,87,50,5,31,2,2,19,
RB111449,25/03/2025 16:45,119,5,6,51,2,2,18,
RB111450,27/03/2025 6:50,137,29,6,95,2,2,25,
RB111451,22/03/2025 13:50,66,12,4,70,4,2,28,
RB111452,26/03/2025 7:20,135,21,4,32,3,2,29,
RB111453,26/03/2025 7:10,150,30,7,133,3,2,28,
RB111454,27/03/2025 7:30,90,32,5,111,2,2,24,
RB111455,27/03/2025 7:50,138,24,4,63,2,2,20,
RB111456,27/03/2025 7:30,99,22,7,62,2,2,16,
RB111457,27/03/2025 7:34,66,9,7,80,2,2,21,
RB111458,27/03/2025 7:30,51,32,4,64,2,2,22,
RB111459,27/03/2025 8:00,66,34,2,27,2,2,29,
RB111460,26/03/2025 7:45,142,15,7,115,3,2,17,
RB111461,19/05/2025 12:12,134,15,6,3,2,2,24,
RB111462,24/04/2025 7:15,79,46,3,86,3,2,28,
RB111463,21/03/2025 7:35,105,31,7,102,3,2,29,
RB111464,19/03/2025 17:30,150,19,4,119,3,2,28,
RB111465,21/03/2025 14:15,121,20,5,20,3,2,19,
RB111466,29/03/2025 12:30,74,29,7,113,2,2,24,
RB111467,27/03/2025 8:30,94,29,4,54,4,2,18,
RB111468,26/03/2025 7:35,69,10,5,75,2,2,30,
RB111469,27/03/2025 8:50,90,46,2,97,2,2,26,
RB111470,26/03/2025 15:15,99,32,5,114,3,2,15,
RB111471,26/03/2025 7:15,101,44,4,108,2,2,26,
RB111472,27/03/2025 6:45,60,14,5,41,3,2,22,
RB111473,26/03/2025 7:00,127,4,5,24,2,2,22,
RB111474,27/03/2025 6:40,83,10,5,63,2,2,29,
RB111475,26/03/2025 7:15,72,4,3,4,4,2,20,
RB111476,27/03/2025 6:45,93,20,4,2,2,2,20,
RB111477,26/03/2025 13:10,68,36,6,57,3,2,19,
RB111478,26/03/2025 11:20,138,40,6,18,4,2,17,
RB111479,26/03/2025 12:05,90,29,5,59,2,2,24,
RB111480,26/03/2025 13:30,101,42,5,57,3,2,30,
RB111481,26/03/2025 9:00,95,48,5,62,4,2,26,
RB111482,26/03/2025 13:53,84,39,2,97,3,2,22,
RB111483,26/03/2025 8:40,97,29,4,131,4,2,20,
RB111484,26/03/2025 8:50,139,29,4,26,4,2,28,
RB111485,26/03/2025 12:00,96,14,3,12,3,2,29,
RB111486,26/03/2025 7:45,122,50,2,5,2,2,23,
RB111487,26/03/2025 7:45,134,33,5,117,2,2,25,
RB111488,26/03/2025 7:00,85,22,3,101,4,2,21,
RB111489,20/03/2025 18:45,147,2,6,3,4,2,21,
RB111490,11/02/2025 9:05,78,14,7,106,4,2,22,
RB111491,11/02/2025 7:10,131,36,3,81,4,2,24,
RB111492,27/01/2025 11:53,71,11,7,149,2,2,17,
RB111493,27/01/2025 6:30,67,27,6,95,3,2,30,
RB111494,28/01/2025 9:20,68,29,2,36,2,2,23,
RB111495,5/02/2025 8:00,57,22,3,55,3,2,29,
RB111496,5/02/2025 8:30,91,0,5,133,2,2,29,
RB111497,5/02/2025 7:40,109,16,6,44,2,2,18,
RB111498,18/03/2025 13:30,57,10,4,107,3,2,24,
RB111499,18/03/2025 17:25,94,35,2,23,2,2,29,
RB111500,18/03/2025 8:00,112,47,2,78,3,2,16,39
RB111501,18/03/2025 23:15,144,21,7,5,4,2,25,
RB111502,19/03/2025 7:30,149,5,5,86,4,2,23,
RB111503,19/03/2025 18:00,61,33,4,120,4,2,21,
RB111504,20/03/2025 16:00,96,19,6,52,4,2,28,
RB111505,20/03/2025 16:00,95,46,4,86,3,2,21,
RB111506,19/02/2025 9:35,109,41,6,117,2,2,21,
RB111507,18/02/2025 18:12,79,31,4,96,3,2,26,
RB111508,27/02/2025 15:50,121,27,7,66,4,2,29,58
RB111509,18/02/2025 13:00,107,2,4,74,3,2,15,
RB111510,19/02/2025 6:45,86,33,2,111,2,2,18,
RB111511,19/02/2025 7:10,80,18,3,69,4,2,29,
RB111512,18/02/2025 8:35,68,25,2,96,4,2,15,
RB111513,18/02/2025 9:25,96,48,3,9,2,2,18,<  10
RB111514,17/02/2025 21:25,116,20,2,146,4,2,18,
RB111515,17/02/2025 8:45,117,27,2,19,2,2,21,
RB111516,15/02/2025 7:25,104,12,5,102,4,2,19,
RB111517,14/02/2025 4:05,68,1,6,12,2,2,21,
RB111518,17/02/2025 11:01,136,25,6,60,4,2,23,
RB111519,26/03/2025 7:25,71,47,7,74,4,2,29,
RB111520,26/03/2025 12:30,75,8,6,5,4,2,29,
RB111521,27/03/2025 8:30,130,15,4,35,2,2,16,
RB111522,26/03/2025 13:55,73,12,7,92,4,2,28,
RB111523,27/03/2025 6:45,87,32,7,41,4,2,23,
RB111524,26/03/2025 12:10,150,25,2,92,4,2,21,
RB111525,27/03/2025 7:12,72,40,3,146,3,2,21,
RB111526,27/03/2025 7:00,81,49,5,4,3,2,15,
RB111527,26/03/2025 16:46,93,39,3,52,2,2,16,
RB111528,26/03/2025 16:45,80,18,4,62,2,2,29,
RB111529,26/03/2025 11:30,67,35,6,25,3,2,25,
RB111530,27/03/2025 11:42,73,22,7,6,4,2,20,
RB111531,27/03/2025 15:50,102,49,7,94,3,2,24,
RB111532,27/03/2025 15:40,52,42,6,10,3,2,18,
RB111533,27/03/2025 8:10,87,32,5,53,4,2,21,
RB111534,27/03/2025 15:48,70,37,3,26,3,2,16,
RB111535,1/04/2025 14:35,120,1,2,27,4,2,30,
RB111536,10/03/2025 8:35,66,25,5,148,2,2,22,
RB111537,11/03/2025 20:45,125,50,5,82,4,2,29,
RB111538,12/03/2025 14:00,57,8,3,57,2,2,30,
RB111539,12/03/2025 8:10,64,25,7,74,2,2,28,15
RB111540,10/03/2025 17:10,55,49,5,45,3,2,16,
RB111541,14/03/2025 8:00,50,29,3,147,2,2,16,98
RB111542,10/03/2025 14:35,131,35,3,116,3,2,19,
RB111543,10/03/2025 15:00,140,33,5,131,4,2,30,16
RB111544,10/03/2025 15:30,99,48,7,131,4,2,15,300
RB111545,10/03/2025 15:30,127,25,4,88,2,2,25,
RB111546,27/03/2025 16:05,126,48,6,144,3,2,30,
RB111547,13/03/2025 10:25,83,19,4,17,2,2,30,
RB111548,13/03/2025 7:45,51,15,7,107,2,2,18,
RB111549,1/04/2025 9:25,93,22,2,61,4,2,25,
RB111550,2/04/2025 13:43,97,39,3,24,4,2,27,
RB111551,2/04/2025 15:30,73,41,4,113,2,2,26,
RB111552,31/03/2025 10:45,136,41,5,17,2,2,20,
RB111553,11/03/2025 8:00,75,2,2,37,4,2,25,63
RB111554,24/03/2025 8:50,136,19,6,88,2,2,20,
RB111555,17/03/2025 16:00,70,33,6,9,4,2,23,
RB111556,17/03/2025 15:50,89,22,5,82,4,2,18,
RB111557,19/03/2025 13:00,81,15,7,18,4,2,21,
RB111558,19/03/2025 13:00,107,47,2,5,4,2,26,
RB111559,18/03/2025 14:45,110,38,2,150,4,2,27,
RB111560,20/03/2025 14:45,76,22,6,94,4,2,25,
RB111561,19/03/2025 7:30,57,4,2,108,4,2,20,
RB111562,12/03/2025 13:40,50,36,2,97,2,2,26,
RB111563,2/04/2025 7:45,149,50,5,133,4,2,30,
RB111564,2/04/2025 9:40,109,18,6,86,4,2,23,
RB111565,20/03/2025 10:30,111,4,3,11,2,2,24,
RB111566,3/04/2025 8:00,135,8,2,96,4,2,27,
RB111567,6/03/2025 7:00,56,2,7,144,2,2,16,12
RB111568,21/03/2025 13:15,119,34,3,6,2,2,21,
RB111569,3/04/2025 7:15,137,12,3,92,4,2,17,
RB111570,21/03/2025 14:00,148,38,6,84,3,2,21,
RB111571,9/04/2025 8:20,108,26,4,116,4,2,17,
RB111572,24/04/2025 11:00,119,31,5,110,3,2,24,
RB111573,6/03/2025 6:30,111,5,5,97,4,2,15,101
RB111574,10/03/2025 8:15,130,50,3,121,2,2,28,
RB111575,21/03/2025 7:45,130,49,5,105,4,2,25,
RB111576,21/03/2025 7:30,109,7,3,94,3,2,26,
RB111577,12/02/2025 8:55,102,23,4,47,2,2,17,
RB111578,5/02/2025 14:50,122,40,6,80,2,2,18,
RB111579,5/02/2025 17:05,95,31,3,100,4,2,20,
RB111580,5/02/2025 7:00,73,11,3,150,2,2,23,
RB111581,5/02/2025 9:00,126,41,5,13,2,2,23,
RB111582,5/02/2025 7:45,55,47,4,144,4,2,29,
RB111583,5/02/2025 12:40,146,6,7,113,3,2,25,
RB111584,5/02/2025 12:30,62,26,5,17,2,2,16,
RB111585,5/02/2025 8:00,136,21,6,128,3,2,20,
RB111586,5/02/2025 7:50,111,3,3,121,2,2,15,
RB111587,5/02/2025 8:10,95,24,2,47,4,2,24,
RB111588,5/02/2025 8:00,95,2,2,27,3,2,20,
RB111589,5/02/2025 13:15,134,5,3,44,2,2,22,
RB111590,5/02/2025 13:30,74,48,2,49,2,2,24,
RB111591,8/02/2025 7:35,88,11,4,82,3,2,21,
RB111592,6/02/2025 7:45,109,50,6,26,2,2,23,
RB111593,6/02/2025 7:00,118,48,2,67,3,2,18,
RB111594,6/02/2025 7:55,65,0,4,64,2,2,24,
RB111595,6/02/2025 7:30,107,18,5,58,2,2,18,
RB111596,6/02/2025 7:30,53,13,6,112,3,2,15,
RB111597,6/02/2025 7:00,126,49,6,148,3,2,23,
RB111598,6/02/2025 7:30,78,43,7,62,3,2,21,
RB111599,6/02/2025 8:10,135,7,7,29,4,2,25,
RB111600,6/02/2025 7:00,96,26,5,146,3,2,27,
RB111601,6/02/2025 7:00,63,41,7,136,4,2,20,
RB111602,5/02/2025 18:00,144,36,6,138,3,2,26,
RB111603,5/02/2025 6:55,141,28,3,81,3,2,15,
RB111604,5/02/2025 7:15,98,24,4,72,4,2,20,
RB111605,5/02/2025 7:20,63,11,6,81,3,2,29,
RB111606,4/02/2025 11:50,96,50,6,47,2,2,18,
RB111607,3/02/2025 13:40,119,27,7,43,3,2,29,
RB111608,3/02/2025 9:05,97,9,2,34,3,2,23,
RB111609,6/02/2025 15:49,144,50,3,120,2,2,25,
RB111610,6/02/2025 12:05,140,9,7,134,4,2,24,
RB111611,6/02/2025 11:45,65,38,5,58,2,2,30,
RB111612,6/02/2025 6:45,108,41,4,92,3,2,21,
RB111613,6/02/2025 8:05,149,16,5,85,4,2,24,
RB111614,5/02/2025 18:00,98,50,7,45,3,2,26,
RB111615,6/02/2025 7:30,97,1,3,112,2,2,16,
RB111616,6/02/2025 13:50,108,4,4,89,3,2,30,
RB111617,6/02/2025 8:50,72,42,3,29,2,2,23,
RB111618,6/02/2025 13:45,143,11,2,85,2,2,26,
RB111619,26/02/2025 8:00,118,26,7,60,4,2,17,
RB111620,26/02/2025 7:30,120,2,6,14,3,2,26,299
RB111621,26/02/2025 6:55,131,22,3,110,2,2,25,182
RB111622,26/02/2025 7:15,120,28,3,119,2,2,23,<  10
RB111623,26/02/2025 7:00,56,16,4,112,3,2,17,479
RB111624,26/02/2025 6:45,125,27,5,82,2,2,19,374
RB111625,29/01/2025 7:40,124,43,2,104,3,2,22,
RB111626,6/02/2025 13:30,121,43,6,51,4,2,17,
RB111627,6/02/2025 12:50,125,44,7,90,3,2,28,
RB111628,6/02/2025 13:20,63,48,5,60,2,2,29,
RB111629,6/02/2025 13:00,64,21,3,39,4,2,16,
RB111630,6/02/2025 16:30,124,21,5,17,4,2,19,
RB111631,6/02/2025 16:30,135,40,4,99,4,2,26,
RB111632,6/02/2025 12:15,99,2,4,50,4,2,20,
RB111633,6/02/2025 9:25,56,21,3,141,4,2,18,
RB111634,6/02/2025 8:55,81,10,3,24,2,2,25,
RB111635,7/02/2025 7:15,91,33,3,66,3,2,24,
RB111636,12/02/2025 7:30,92,35,2,91,2,2,21,
RB111637,14/02/2025 15:10,75,32,2,55,2,2,20,
RB111638,13/02/2025 14:00,137,25,6,107,2,2,20,
RB111639,1/04/2025 15:30,64,4,6,30,3,2,29,
RB111640,1/04/2025 14:10,122,28,2,32,2,2,28,
RB111641,1/04/2025 8:00,88,22,4,12,3,2,30,
RB111642,28/03/2025 17:40,87,37,7,32,2,2,20,
RB111643,27/03/2025 17:15,138,34,2,44,2,2,25,
RB111644,27/03/2025 13:30,80,7,5,74,4,2,23,
RB111645,27/03/2025 13:45,95,5,3,65,3,2,22,
RB111646,4/04/2025 7:00,78,42,7,130,2,2,25,
RB111647,28/03/2025 6:38,90,46,4,36,3,2,28,
RB111648,29/03/2025 7:29,54,15,3,58,3,2,15,
RB111649,15/02/2025 16:20,63,26,5,150,4,2,19,
RB111650,15/02/2025 15:50,111,35,2,8,3,2,26,
RB111651,15/02/2025 16:45,113,26,4,73,3,2,30,
RB111652,12/02/2025 13:15,125,33,4,9,4,2,23,
RB111653,8/02/2025 10:28,128,6,7,75,4,2,20,
RB111654,8/02/2025 7:10,98,41,2,22,3,2,20,
RB111655,8/02/2025 11:50,56,14,3,139,2,2,27,
RB111656,11/03/2025 8:30,109,35,7,146,2,2,29,
RB111657,5/03/2025 8:00,120,44,2,57,4,2,19,
RB111658,5/03/2025 7:35,147,7,5,149,3,2,25,
RB111659,4/03/2025 19:16,136,13,3,27,3,2,15,
RB111660,26/02/2025 6:47,97,0,4,118,3,2,22,<  10
RB111661,26/02/2025 7:00,87,40,6,144,3,2,28,<  10
RB111662,26/02/2025 14:40,135,39,4,51,2,2,16,
RB111663,26/02/2025 6:50,119,20,7,66,3,2,16,<  10
RB111664,26/02/2025 16:47,146,28,2,32,2,2,29,322
RB111665,26/02/2025 15:00,119,41,6,98,4,2,16,<  10
RB111666,26/02/2025 7:30,150,31,2,37,2,2,30,28
RB111667,26/02/2025 14:30,62,36,2,17,4,2,20,124
RB111668,26/02/2025 7:55,140,49,4,120,2,2,26,<  10
RB111669,26/02/2025 12:00,111,19,4,12,2,2,28,20
RB111670,26/02/2025 12:00,60,3,3,112,4,2,23,98
RB111671,26/02/2025 7:45,52,9,6,97,3,2,21,118
RB111672,26/02/2025 7:45,130,22,2,89,4,2,28,<  10
RB111673,27/02/2025 6:50,63,12,2,82,3,2,20,<  10
RB111674,27/02/2025 6:50,90,21,4,76,2,2,28,674
RB111675,28/02/2025 7:30,53,12,4,111,4,2,28,
RB111676,28/02/2025 7:34,146,9,7,124,4,2,26,51
RB111677,28/02/2025 10:10,69,4,4,49,4,2,26,18
RB111678,28/02/2025 13:10,65,21,3,150,4,2,25,
RB111679,28/02/2025 13:07,148,4,4,32,2,2,29,
RB111680,24/02/2025 12:30,104,48,2,105,3,2,28,
RB111681,24/02/2025 7:30,130,45,6,48,2,2,16,
RB111682,24/02/2025 23:15,115,2,2,77,2,2,29,
RB111683,26/02/2025 8:00,74,19,7,36,2,2,15,<  10
RB111684,6/03/2025 11:25,80,15,6,8,2,2,23,
RB111685,26/02/2025 15:16,51,22,5,114,4,2,20,<  10
RB111686,5/03/2025 8:10,51,37,5,68,2,2,16,
RB111687,5/03/2025 8:00,69,12,7,119,2,2,16,19
RB111688,3/03/2025 12:55,147,27,6,21,3,2,27,
RB111689,4/03/2025 9:00,50,10,6,92,3,2,18,60
RB111690,4/03/2025 7:50,100,5,4,81,2,2,30,11
RB111691,1/03/2025 8:15,74,21,5,16,2,2,23,15
RB111692,28/02/2025 7:15,89,32,3,30,4,2,18,<  10
RB111693,20/02/2025 12:15,65,43,5,14,2,2,28,
RB111694,26/02/2025 12:30,94,33,7,134,3,2,28,
RB111695,26/02/2025 12:30,124,33,4,86,2,2,30,265
RB111696,26/02/2025 11:30,73,23,2,116,2,2,22,53
RB111697,21/02/2025 8:15,58,29,4,37,4,2,24,
RB111698,21/02/2025 8:32,106,32,6,17,4,2,19,
RB111699,27/02/2025 6:45,138,45,6,50,4,2,19,15
RB111700,27/02/2025 6:50,51,4,6,117,3,2,24,50
RB111701,4/03/2025 7:35,141,23,3,10,4,2,26,
RB111702,27/02/2025 7:20,67,5,6,149,2,2,19,<  10
RB111703,16/04/2025 6:15,57,8,3,79,3,2,22,
RB111704,20/05/2025 11:50,128,21,7,94,2,2,30,
RB111705,20/05/2025 10:15,82,26,2,143,4,2,20,
RB111706,18/05/2025 5:00,101,17,5,5,2,2,22,
RB111707,7/05/2025 8:00,85,12,5,43,3,2,29,
RB111708,7/05/2025 6:00,88,27,2,49,2,2,18,
RB111709,15/05/2025 12:50,92,40,5,142,3,2,27,
RB111710,12/05/2025 12:50,53,4,5,6,4,2,18,
RB111711,2/05/2025 7:15,131,20,4,60,4,2,22,
RB111712,3/05/2025 12:10,54,25,2,86,2,2,29,
RB111713,14/04/2025 16:30,92,13,4,114,4,2,20,
RB111714,16/04/2025 8:30,95,12,3,14,3,2,16,
RB111715,15/04/2025 10:31,61,46,5,64,3,2,26,
RB111716,23/04/2025 8:25,72,30,2,71,4,2,28,
RB111717,9/05/2025 15:00,63,10,5,126,3,2,19,
RB111718,24/04/2025 15:38,118,39,2,94,3,2,16,
RB111719,24/04/2025 14:45,56,32,3,107,4,2,23,
RB111720,24/04/2025 9:00,147,27,4,54,4,2,29,
RB111721,24/04/2025 12:20,122,11,2,120,2,2,25,
RB111722,24/04/2025 11:00,83,31,4,137,2,2,17,
RB111723,24/04/2025 7:30,122,39,3,145,3,2,30,
RB111724,24/04/2025 7:00,99,2,5,87,3,2,27,
RB111725,24/04/2025 7:05,115,10,4,113,3,2,27,
RB111726,23/04/2025 16:40,145,44,2,108,4,2,27,
RB111727,23/04/2025 17:20,70,22,5,88,4,2,25,
RB111728,23/04/2025 13:40,143,23,6,103,2,2,22,
RB111729,23/04/2025 16:00,95,4,3,21,2,2,29,
RB111730,23/04/2025 16:20,97,13,5,105,2,2,26,
RB111731,23/04/2025 15:40,142,31,7,58,2,2,26,
RB111732,23/04/2025 14:06,134,37,6,143,4,2,29,
RB111733,23/04/2025 13:35,75,2,6,106,4,2,16,
RB111734,23/04/2025 13:00,71,41,3,50,3,2,16,
RB111735,30/04/2025 8:00,117,9,5,74,4,2,22,
RB111736,24/04/2025 13:30,65,42,7,63,2,2,26,
RB111737,24/04/2025 13:20,94,12,2,71,4,2,16,
RB111738,24/04/2025 10:50,56,7,7,122,4,2,26,
RB111739,24/04/2025 7:31,115,18,5,2,4,2,23,
RB111740,24/04/2025 7:10,55,19,5,37,3,2,24,
RB111741,24/04/2025 7:35,67,49,7,130,3,2,23,
RB111742,24/04/2025 7:10,96,22,7,48,3,2,26,
RB111743,24/04/2025 6:40,138,14,2,140,4,2,26,
RB111744,24/04/2025 7:16,57,1,3,37,4,2,20,
RB111745,23/04/2025 15:30,128,44,3,124,3,2,28,
RB111746,23/04/2025 14:05,148,30,3,47,2,2,21,
RB111747,29/04/2025 12:00,114,32,3,9,2,2,30,
RB111748,29/04/2025 16:35,79,17,5,128,2,2,29,
RB111749,7/05/2025 7:30,73,17,4,48,2,2,23,
RB111750,7/05/2025 8:00,117,5,6,106,4,2,25,
RB111751,19/05/2025 14:05,98,20,2,134,3,2,22,
RB111752,7/05/2025 8:00,84,48,5,53,3,2,19,
RB111753,9/05/2025 8:30,143,9,4,19,4,2,21,
RB111754,20/05/2025 15:40,53,19,6,51,3,2,28,
RB111755,16/05/2025 11:30,131,36,5,50,3,2,19,
RB111756,2/05/2025 16:15,144,11,5,23,2,2,22,
RB111757,2/05/2025 12:30,134,19,4,149,3,2,27,
RB111758,29/04/2025 18:30,135,49,5,139,4,2,27,
RB111759,26/04/2025 7:00,135,25,3,56,2,2,23,
RB111760,26/04/2025 6:55,131,47,7,147,3,2,28,
RB111761,28/04/2025 16:15,132,41,5,27,4,2,17,
RB111762,23/04/2025 11:00,78,26,6,31,4,2,28,
RB111763,30/04/2025 17:30,97,11,5,102,3,2,26,
RB111764,2/05/2025 16:40,142,22,5,135,3,2,29,
RB111765,6/05/2025 14:45,102,50,5,15,4,2,22,
RB111766,30/04/2025 8:30,138,29,5,107,3,2,21,
RB111767,8/05/2025 8:12,85,16,7,38,3,2,24,
RB111768,9/05/2025 8:30,68,1,3,124,4,2,30,
RB111769,9/05/2025 9:55,136,3,3,67,2,2,19,
RB111770,8/05/2025 8:00,60,6,5,89,4,2,26,
RB111771,5/05/2025 14:50,104,6,4,114,3,2,26,
RB111772,19/04/2025 11:00,97,26,6,106,4,2,20,
RB111773,18/04/2025 9:30,109,45,6,44,2,2,17,
RB111774,23/04/2025 7:50,104,19,2,96,3,2,29,
RB111775,23/04/2025 7:15,129,25,3,3,3,2,23,
RB111776,23/04/2025 11:10,62,18,7,140,3,2,21,
RB111777,30/04/2025 8:30,80,36,2,112,3,2,21,
RB111778,30/04/2025 7:00,118,22,2,96,4,2,27,
RB111779,22/04/2025 13:00,129,44,2,80,3,2,27,
RB111780,24/04/2025 15:30,53,18,2,93,3,2,20,
RB111781,22/04/2025 7:00,89,24,4,81,2,2,18,
RB111782,22/04/2025 8:00,85,33,4,18,3,2,23,
RB111783,24/04/2025 7:15,71,40,7,29,2,2,25,
RB111784,24/04/2025 8:00,68,19,6,95,4,2,28,
RB111785,24/04/2025 12:50,148,21,5,11,2,2,29,
RB111786,16/04/2025 13:30,125,29,6,60,3,2,29,
RB111787,14/05/2025 8:00,60,31,6,89,2,2,24,
RB111788,14/05/2025 8:45,95,3,3,9,2,2,16,
RB111789,12/05/2025 18:00,80,50,7,80,2,2,28,
RB111790,8/05/2025 13:55,150,48,6,104,4,2,15,
RB111791,7/05/2025 14:00,82,21,3,138,4,2,26,
RB111792,8/04/2025 6:55,59,21,7,75,2,2,26,
RB111793,5/04/2025 17:00,84,49,5,135,2,2,29,
RB111794,10/04/2025 7:30,71,43,6,143,4,2,16,
RB111795,9/05/2025 6:50,69,6,2,24,3,2,25,
RB111796,8/05/2025 7:55,127,14,2,72,3,2,19,
RB111797,19/05/2025 11:50,125,50,2,145,3,2,23,
RB111798,29/04/2025 6:40,58,17,4,136,3,2,25,
RB111799,23/04/2025 7:00,68,0,7,48,3,2,19,
RB111800,24/04/2025 6:50,137,4,5,88,2,2,18,
RB111801,24/04/2025 10:25,146,1,7,8,2,2,19,
RB111802,24/04/2025 11:50,139,14,2,107,3,2,15,
RB111803,24/04/2025 16:30,53,28,2,126,2,2,22,
RB111804,24/04/2025 17:00,146,13,3,60,2,2,27,
RB111805,24/04/2025 16:20,150,45,3,41,3,2,26,
RB111806,20/04/2025 19:15,67,41,6,21,4,2,21,
RB111807,23/04/2025 7:16,111,35,6,7,3,2,25,
RB111808,23/04/2025 12:50,107,20,5,54,2,2,23,
RB111809,23/04/2025 13:41,93,24,7,9,2,2,26,
RB111810,23/04/2025 11:30,117,13,3,33,3,2,21,
RB111811,23/04/2025 12:20,87,38,7,39,2,2,28,
RB111812,23/04/2025 6:45,90,35,2,135,2,2,18,
RB111813,23/04/2025 7:30,80,5,6,44,4,2,19,
RB111814,23/04/2025 7:00,108,12,3,73,3,2,27,
RB111815,23/04/2025 6:50,76,16,5,133,3,2,16,
RB111816,23/04/2025 7:20,102,23,5,123,3,2,17,
RB111817,23/04/2025 7:30,82,47,4,51,2,2,28,
RB111818,23/04/2025 7:00,107,43,6,106,2,2,17,
RB111819,23/04/2025 6:50,79,1,4,131,3,2,16,
RB111820,23/04/2025 7:30,105,40,3,136,3,2,16,
RB111821,23/04/2025 12:50,66,43,5,72,4,2,16,
RB111822,23/04/2025 12:05,138,3,7,106,2,2,16,
RB111823,23/04/2025 13:50,109,9,6,55,2,2,18,
RB111824,24/04/2025 8:00,102,16,2,49,2,2,22,
RB111825,21/04/2025 7:30,135,6,2,115,4,2,23,
RB111826,23/04/2025 6:45,99,41,5,89,2,2,26,
RB111827,23/04/2025 8:25,128,45,7,85,4,2,16,
RB111828,23/04/2025 8:00,53,13,4,116,2,2,23,
RB111829,23/04/2025 7:15,71,38,7,141,3,2,28,
RB111830,25/04/2025 7:00,97,30,4,31,2,2,17,
RB111831,25/04/2025 15:30,150,26,3,78,4,2,24,
RB111832,11/04/2025 7:00,129,42,5,10,3,2,23,
RB111833,12/04/2025 7:15,67,49,5,114,2,2,25,
RB111834,12/04/2025 11:14,144,25,2,133,4,2,28,
RB111835,7/04/2025 7:15,108,48,5,108,4,2,18,
RB111836,8/04/2025 18:00,108,6,6,38,2,2,16,
RB111837,14/05/2025 15:05,67,44,6,63,2,2,18,
RB111838,6/05/2025 12:10,140,44,6,73,3,2,27,
RB111839,8/04/2025 13:30,101,50,3,113,3,2,22,
RB111840,29/04/2025 11:30,133,9,2,121,3,2,28,
RB111841,11/04/2025 8:08,100,36,4,147,2,2,15,
RB111842,11/04/2025 8:15,59,39,6,60,3,2,25,
RB111843,10/04/2025 8:00,105,0,4,17,2,2,27,
RB111844,10/04/2025 7:42,96,42,4,104,4,2,26,
RB111845,10/04/2025 11:00,141,6,5,98,2,2,23,
RB111846,11/04/2025 8:45,69,16,2,140,3,2,27,
RB111847,12/04/2025 17:10,117,48,3,69,4,2,16,
RB111848,15/05/2025 5:00,132,11,5,57,3,2,17,
 ,,,,,,,,,
